Old,Matched
1_H,1
2_H,2
3_H,3
4_H,4
5_H,5
6_H,6
7_H,7
8_H,8
9_H,9
10_H,10
11_H,11
12_H,12
13_H,13
14_H,14
15_H,15
16_H,16
17_H,17
18_H,18
19_H,19
20_H,20
21_H,21
22_H,22
23_H,23
24_H,24
25_H,25
26_H,26
27_H,27
28_H,28
29_H,29
30_H,30
31_H,31
31A_H,32
31B_H,33
32_H,34
33_H,35
34_H,36
35_H,37
36_H,38
37_H,39
38_H,40
39_H,41
40_H,42
41_H,43
42_H,44
43_H,45
44_H,46
45_H,47
46_H,48
47_H,49
48_H,50
49_H,51
50_H,52
51_H,53
52_H,54
53_H,55
54_H,56
55_H,57
56_H,58
57_H,59
58_H,60
59_H,61
60_H,62
61_H,63
62_H,64
63_H,65
64_H,66
65_H,67
66_H,68
67_H,69
68_H,70
69_H,71
70_H,72
71_H,73
72_H,74
73_H,75
74_H,76
75_H,77
76_H,78
77_H,79
78_H,80
79_H,81
80_H,82
81_H,83
82_H,84
82A_H,85
82B_H,86
82C_H,87
83_H,88
84_H,89
85_H,90
86_H,91
87_H,92
88_H,93
89_H,94
90_H,95
91_H,96
92_H,97
93_H,98
94_H,99
95_H,100
96_H,101
97_H,102
98_H,103
99_H,104
100_H,105
100A_H,106
100B_H,107
101_H,108
102_H,109
103_H,110
104_H,111
105_H,112
106_H,113
107_H,114
108_H,115
109_H,116
110_H,117
111_H,118
112_H,119
113_H,120
1_L,121
2_L,122
3_L,123
4_L,124
5_L,125
6_L,126
7_L,127
8_L,128
9_L,129
10_L,130
11_L,131
12_L,132
13_L,133
14_L,134
15_L,135
16_L,136
17_L,137
18_L,138
19_L,139
20_L,140
21_L,141
22_L,142
23_L,143
24_L,144
25_L,145
26_L,146
27_L,147
28_L,148
29_L,149
30_L,150
31_L,151
32_L,152
33_L,153
34_L,154
35_L,155
36_L,156
37_L,157
38_L,158
39_L,159
40_L,160
41_L,161
42_L,162
43_L,163
44_L,164
45_L,165
46_L,166
47_L,167
48_L,168
49_L,169
50_L,170
51_L,171
52_L,172
53_L,173
54_L,174
55_L,175
56_L,176
57_L,177
58_L,178
59_L,179
60_L,180
61_L,181
62_L,182
63_L,183
64_L,184
65_L,185
66_L,186
67_L,187
68_L,188
69_L,189
70_L,190
71_L,191
72_L,192
73_L,193
74_L,194
75_L,195
76_L,196
77_L,197
78_L,198
79_L,199
80_L,200
81_L,201
82_L,202
83_L,203
84_L,204
85_L,205
86_L,206
87_L,207
88_L,208
89_L,209
90_L,210
91_L,211
92_L,212
93_L,213
94_L,214
95_L,215
96_L,216
97_L,217
98_L,218
99_L,219
100_L,220
101_L,221
102_L,222
103_L,223
104_L,224
105_L,225
106_L,226
107_L,227
